Blossom Gill,blossom@gmail.com,
Hayes Delgado,nonummy@gmail.com
Petra Jones,ac@gmail.com
Oleg Noel,noel@gmail.com
Ahmed Miller,ahmed.miller@gmail.com
Macaulay Douglas,mdouglas@gmail.com
Aurora Grant,enim.non@gmail.com
Madison Mcintosh,mcintosh@gmail.com
Montana Powell,montanap@gmail.com
Rogan Robinson,rr.robinson@gmail.com
Simon Rivera,sri@gmail.com
Benedict Pacheco,bpacheco@gmail.com
Maisie Hendrix,mai.hendrix@gmail.com
Xaviera Gould,xlg@gmail.com
Oren Rollins,oren@gmail.com
Flavia Santiago,flavia@gmail.com
Jackson Owens,jacksonowens@gmail.com
Britanni Humphrey,britanni@gmail.com
Kirk Nixon,kirknixon@gmail.com
Bree Campbell,breee@gmail.com
